Error Code,Description,Explanation,Suggestion,Reason Removed
C 0 A,No error,Communication established,"Log entry only, no issue",Log entry only – not a real fault
C 1 A 1,Buffer of stored warnings overflowed,,,Communication buffer/setup error – boot/initial is ation phase
C 1 A 2,Out buffer to RS 485 overflowed(problem with Controller message),,,Communication buffer/setup error – boot/initial is ation phase
C 2 A,In buffer overflow,,,Processor overload during initial is ation – setup phase
C 3 A,Processor overloaded,,Review program or remove some external controls and communications,Processor overload during initial is ation – setup phase
C 35 A,Joint ID is undefined,,,Joint ID configuration – setup only
C 36 A,Illegal boot loader command,,,Boot loader error – only occurs during firmware flash/boot
C 55 A 90,"Boot loader error, robot voltage too low or current too high",,,Boot loader error – only occurs during firmware flash/boot
C 55 A 91,"Boot loader error, robot voltage too high",,,Boot loader error – only occurs during firmware flash/boot
C 213 A,No Kinematic Calibration found (calibration.conf file is either corrupt or missing),Calibration.conf file is either corrupt or missing,"A new kinematics calibration may be needed if the robot needs to improve its kinematics, otherwise, ignore this message.",Kinematic calibration – only relevant during calibration procedure
C 214 A,Kinematic Calibration for the robot does not match the joint(s),The calibration checksum stored in the calibration.conf does not match the values from the joint(s),"If moving a program from a different robot to this one, re- kinematic calibrate the second robot to improve kinematics, otherwise ignore this message.",Kinematic calibration – only relevant during calibration procedure
C 214 A 1,The Kinematic Calibration checksum does not match the Base checksum,The calibration checksum stored in the calibration.conf does not match the values from the joint(s),"If moving a program from a different robot to this one, re- kinematic calibrate the second robot to improve kinematics, otherwise ignore this message.",Kinematic calibration – only relevant during calibration procedure
C 214 A 2,The Kinematic Calibration checksum does not match the Shoulder checksum,The calibration checksum stored in the calibration.conf does not match the values from the joint(s),"If moving a program from a different robot to this one, re- kinematic calibrate the second robot to improve kinematics, otherwise ignore this message.",Kinematic calibration – only relevant during calibration procedure
C 214 A 3,The Kinematic Calibration checksum does not match the Elbow checksum,The calibration checksum stored in the calibration.conf does not match the values from the joint(s),"If moving a program from a different robot to this one, re- kinematic calibrate the second robot to improve kinematics, otherwise ignore this message.",Kinematic calibration – only relevant during calibration procedure
C 214 A 4,The Kinematic Calibration checksum does not match Wrist 1 checksum,The calibration checksum stored in the calibration.conf does not match the values from the joint(s),"If moving a program from a different robot to this one, re- kinematic calibrate the second robot to improve kinematics, otherwise ignore this message.",Kinematic calibration – only relevant during calibration procedure
C 214 A 5,The Kinematic Calibration checksum does not match for Wrist 2 checksum,The calibration checksum stored in the calibration.conf does not match the values from the joint(s),"If moving a program from a different robot to this one, re- kinematic calibrate the second robot to improve kinematics, otherwise ignore this message.",Kinematic calibration – only relevant during calibration procedure
C 214 A 6,The Kinematic Calibration checksum does not match for Wrist 3 checksum,The calibration checksum stored in the calibration.conf does not match the values from the joint(s),"If moving a program from a different robot to this one, re- kinematic calibrate the second robot to improve kinematics, otherwise ignore this message.",Kinematic calibration – only relevant during calibration procedure
C 215 A,Kinematic Calibration does not match the robot,The calibration checksum stored in the calibration.conf does not match the values from the joints,Check if the serial number of the robot arm matches the Control Box,Kinematic calibration – only relevant during calibration procedure
C 216 A,The offset of the joint has changed,,The joint has been zeroed by the user. Perform a kinematic calibration to improve kinematics if needed.,Kinematic calibration – only relevant during calibration procedure
C 216 A 1,Base,,The joint has been zeroed by the user. Perform a kinematic calibration to improve kinematics if needed.,Kinematic calibration – only relevant during calibration procedure
C 216 A 2,Shoulder,,The joint has been zeroed by the user. Perform a kinematic calibration to improve kinematics if needed.,Kinematic calibration – only relevant during calibration procedure
C 216 A 3,Elbow,,The joint has been zeroed by the user. Perform a kinematic calibration to improve kinematics if needed.,Kinematic calibration – only relevant during calibration procedure
C 216 A 4,Wrist 1,,The joint has been zeroed by the user. Perform a kinematic calibration to improve kinematics if needed.,Kinematic calibration – only relevant during calibration procedure
C 216 A 5,Wrist 2,,The joint has been zeroed by the user. Perform a kinematic calibration to improve kinematics if needed.,Kinematic calibration – only relevant during calibration procedure
C 216 A 6,Wrist 3,,The joint has been zeroed by the user. Perform a kinematic calibration to improve kinematics if needed.,Kinematic calibration – only relevant during calibration procedure
C 220 A 1,Kinematic Calibration,Actual version on the robot arm is not supported,Update Software,Kinematic calibration – only relevant during calibration procedure
C 220 A 2,Kinematic Calibration,Kinematic Calibration file was replaced with file from the arm,Update Software,Kinematic calibration – only relevant during calibration procedure
C 220 A 3,Kinematic Calibration,Kinematic Calibration uploaded to the arm,Update Software,Kinematic calibration – only relevant during calibration procedure
C 220 A 4,Kinematic Calibration,Kinematic Calibration reuploaded to the arm,Update Software,Kinematic calibration – only relevant during calibration procedure
C 262 A 0 to C 262 A 18,Critical error,A critical error occurred in the communication framework,a) Check communications external and internal b) Do a Complete rebooting sequence c) Check for ES D noise d) Update software e) Contact your local Universal Robots service provider for assistance.,ES D handling note – maintenance/service only
C 265 A 0 to C 265 A 30,Critical error on Joint encoder,A critical error occurred in the Joint Encoder,a) Do a Complete rebooting sequence b) Update robot’s software c) Check for ES D noise d) Update software e) Contact your local Universal Robots service provider for assistance.,ES D handling note – maintenance/service only
C 267 A,Boot loader error,Corrupted firmware,a) Do a Complete rebooting sequence b) Update software c) Contact your local Universal Robots service provider for assistance.,Boot loader error – only occurs during firmware flash/boot
C 267 A 0 to C 267 A 11,Critical error on Boot loar der,A critical error occurred during Firmware upgrade. Hardware configuration mismatch.,"Check your image, S CB, MB or TP for boot loader fixes. Update software.",Boot loader error – only occurs during firmware flash/boot
C 283 A 72,The motor configuration sent by the Control Box is invalid,The motor configuration sent is unusable with this firmware revision.,a) Do a Complete rebooting sequence b) Update software c) Contact your local Universal Robots service provider for assistance.,Firmware version/corruption – occurs during firmware flash/update
C 296 A,Start up check,,,Startup self-check at power-up
C 296 A 0,Critical error,A critical error occurred during startup,a) Check 10 A fuse b) Do a Complete rebooting sequence c) Update software d) Contact your local Universal Robots service provider for assistance.,Startup self-check at power-up
C 296 A 1,SCBI Of ailed to power on,,Ensure the IO Power Connector on the Safety Control Board is connected to the 24 V DC,Startup self-check at power-up
C 296 A 2,Start up check,One or more Motor phases is short circuited to ground,,Startup self-check at power-up
C 296 A 3,Start up check,Motor Indication Signal does not work,,Startup self-check at power-up
C 296 A 4,Start up check,Phase 1 is not connected.,,Startup self-check at power-up
C 296 A 5,Start up check,Phase 2 is not connected.,,Startup self-check at power-up
C 296 A 6,Start up check,Phase 3 is not connected.,,Startup self-check at power-up
C 296 A 7,Start up check,Motor test results were invalid.,,Startup self-check at power-up
C 296 A 8,Start up check,Motor PW M output is not zero in Joint State,,Startup self-check at power-up
C 296 A 9,Start up check,Robot Voltage was present during self-diagnostics,,Startup self-check at power-up
C 296 A 10,Start up check,Time out during self- diagnostics,,Startup self-check at power-up
C 296 A 11,Start up check,Data was received while trying to disable communication,,Startup self-check at power-up
C 296 A 12,Start up check,Sequence number did not match expected sequence,,Startup self-check at power-up
C 296 A 13,Start up check,Check the expected sequence number,,Startup self-check at power-up
C 296 A 14,Start up check,Check the actual sequence number,,Startup self-check at power-up
C 296 A 15,Start up check,Interval between messages did not match expectations,,Startup self-check at power-up
C 296 A 16,Start up check,Check the expected interval ticks,,Startup self-check at power-up
C 296 A 17,Start up check,Check the measured interval ticks,,Startup self-check at power-up
C 296 A 18,Start up check,Motor Kt value is outside manufacturer specifications,,Startup self-check at power-up
C 296 A 19,Start up check,Motor Kb value is outside manufacturer specifications,,Startup self-check at power-up
C 296 A 20,Start up check,Motor R value is outside manufacturer specifications,,Startup self-check at power-up
C 296 A 21,Start up check,Motor L value is outside manufacturer specifications,,Startup self-check at power-up
C 296 A 22,Start up check,Processor u B has been in Booting state for too long,,Startup self-check at power-up
C 296 A 23,Start up check,Cross-monitoring data was invalid for too long while booting,,Startup self-check at power-up
C 296 A 24,Start up check,Motor Tau value is outside manufacturer specifications,,Startup self-check at power-up
C 297 A,Joint validation,Validation during power up.,a) Do a Complete rebooting sequence b) Check that SD card and robot type match. c) Update software d) Contact your local Universal Robots service provider for assistance.,SD card / robot type mismatch – setup/configuration phase only
C 297 A 0,Critical error,A critical error occurred during Joint validation,a) Do a Complete rebooting sequence b) Check that SD card and robot type match. c) Update software d) Contact your local Universal Robots service provider for assistance.,SD card / robot type mismatch – setup/configuration phase only
C 297 A 6,Joint validation,Joint processors disagree on Joint ID.,,Joint ID configuration – setup only
C 297 A 9,Joint validation,Joint IDs need updating,,Joint ID configuration – setup only
C 297 A 11,The Robot arm does not match the Control Box,One or more joints do not match stored Robot Configuration,a) Do a Complete rebooting sequence b) Check that SD card and robot type match. c) Update software d) Contact your local Universal Robots service provider for assistance.,SD card / robot type mismatch – setup/configuration phase only
C 306 A 5,Joint,Joint ID could not be stored,,Joint ID configuration – setup only
C 312 A 0,Critical error,A critical error occurred during data validation,a) Do a Complete rebooting sequence b) Check for ES D noise. c) Update software d) Contact your local Universal Robots service provider for assistance.,ES D handling note – maintenance/service only
C 313 A 0,App version,Check build version,,App/firmware version check – boot phase only
C 313 A 1,App version,Checkgit sha,,App/firmware version check – boot phase only
C 313 A 2,App version,Check CRC code,,App/firmware version check – boot phase only
C 313 A 3,App version,Check build major version,,App/firmware version check – boot phase only
C 313 A 4,App version,Check build minor version,,App/firmware version check – boot phase only
C 313 A 5,App version,Check build patch version,,App/firmware version check – boot phase only
